code,system
B22z.11,readv2
B222100,readv2
B222z00,readv2
B222000,readv2
B222.00,readv2
BB5S211,readv2
BB5S400,readv2
BB5S212,readv2
BB5S200,readv2
B22z.00,readv2
B221.00,readv2
Byu2000,readv2
B22y.00,readv2
B225.00,readv2
B221000,readv2
B221z00,readv2
B22..00,readv2
C34,readv2
B223100,readv2
B223.00,readv2
B223000,readv2
B223z00,readv2
B220100,readv2
B220z00,readv2
B220.00,readv2
B221100,readv2
C33,readv2
ZV10112,readv2
ZV10100,readv2
ZV10111,readv2
B224000,readv2
B224100,readv2
B224z00,readv2
B224.00,readv2
B222.11,readv2
3903.0,readv2
44169.0,readv2
39923.0,readv2
37810.0,readv2
34015.0,readv2
10358.0,readv2
2587.0,readv2
18678.0,readv2
16723.0,readv2
13243.0,readv2
12582.0,readv2
103946.0,readv2
17391.0,readv2
33444.0,readv2
36371.0,readv2
41523.0,readv2
21698.0,readv2
31268.0,readv2
57802.0,readv2
38961.0,readv2
36530.0,readv2
25886.0,readv2
15221.0,readv2
31188.0,readv2
42566.0,readv2
40595.0,readv2
54134.0,readv2
31700.0,readv2
20170.0,readv2
12870.0,readv2
32246.0,readv2
49289.0,readv2
29284.0,readv2